,hashtags
0,#BlackHistoryMonth
1,#TheChallenge38
2,Horacio
3,#AEWDynamite
4,#HourlyComicDay2023
5,Pauli
6,Wakanda Forever
7,#Wordle593
8,Celtics
9,Naz Reid
10,Darby
11,Daily Quordle 374
12,Walker Kessler
13,Chris Paul
14,Orange Krush
15,Suns
16,Gullveig
17,Matilda
18,Nets
19,Soren
20,Namor
21,Jeter
22,Bowen Born
23,Beto
24,Boys and Girls Club
25,Wardlow
26,Corrin
27,Fatima
28,HARRYS
29,Samoa Joe
30,Andi
31,Lobos
32,Timberwolves
33,Pamela Anderson
34,Sharpton
35,Mr. Brightside
36,Wiggins
37,Utah State
38,deGrom
39,Tari Eason
40,Gobert
41,Dan Rather
42,Punxsutawney Phil
43,Laurence
44,Aneesa
45,Marquette
46,youngblood
47,Danielson
